Timestamp,Green,Blue,Control,Temp(C),Humidity(%)
05/03/2026 02:38,3479,3491,3595,26,60
05/03/2026 02:53,3478,3491,3577,26,60
05/03/2026 03:08,3477,3493,3578,26,60
05/03/2026 03:23,3475,3494,3587,26,60
05/03/2026 03:38,3475,3492,3581,26,61
05/03/2026 03:53,3476,3484,3591,25.9,61
05/03/2026 04:08,3484,3497,3591,25.9,61
05/03/2026 04:23,3482,3499,3593,25.9,61
05/03/2026 04:38,3475,3501,3590,25.8,61
05/03/2026 04:53,3479,3499,3593,25.7,61
05/03/2026 05:08,3479,3499,3589,25.5,60
05/03/2026 05:23,3480,3499,3594,25.4,60
05/03/2026 05:38,3479,3503,3593,25.3,59
05/03/2026 05:53,3482,3497,3593,25.3,59
05/03/2026 06:08,3471,3491,3593,25.4,59
05/03/2026 06:23,3482,3509,3595,25.4,59
05/03/2026 06:38,3482,3499,3594,25.4,59
05/03/2026 06:54,3480,3501,3595,25.4,59
05/03/2026 07:09,3478,3499,3595,25.4,59
05/03/2026 07:24,3481,3497,3599,25.4,59
05/03/2026 07:39,3476,3497,3595,25.4,59
05/03/2026 07:54,3480,3502,3597,25.4,60
05/03/2026 08:09,3478,3503,3595,25.4,60
05/03/2026 08:24,3479,3503,3595,25.4,60
05/03/2026 08:39,3480,3497,3597,25.4,60
05/03/2026 08:54,3480,3507,3593,25.4,60
05/03/2026 09:09,3478,3494,3595,25.4,60
05/03/2026 09:24,3487,3495,3597,25.4,60
05/03/2026 09:39,3483,3508,3592,25.4,60
05/03/2026 09:54,3479,3503,3595,25.3,60
05/03/2026 10:09,3481,3499,3595,25.3,60
05/03/2026 10:24,3479,3500,3593,25.3,60
05/03/2026 10:39,3482,3499,3593,25.3,60
05/03/2026 10:54,3479,3498,3595,25.3,60
05/03/2026 11:09,3485,3501,3596,25.3,60
05/03/2026 11:24,3481,3509,3595,25.3,60
05/03/2026 11:39,3483,3499,3595,25.3,60
05/03/2026 11:54,3480,3496,3593,25.3,60
05/03/2026 12:09,3477,3495,3595,25.3,60
05/03/2026 12:24,3487,3507,3597,25.3,60
05/03/2026 12:39,3481,3503,3599,25.3,60
05/03/2026 12:54,3480,3499,3596,25.3,60
05/03/2026 13:09,3484,3500,3595,25.4,60
05/03/2026 13:24,3484,3503,3599,25.4,60
05/03/2026 13:39,3483,3503,3601,25.4,60
05/03/2026 13:54,3484,3503,3601,25.4,60
05/03/2026 14:09,3475,3499,3596,25.5,60
05/03/2026 14:24,3482,3499,3601,25.5,60
05/03/2026 14:39,3480,3503,3601,25.5,59
05/03/2026 14:54,3486,3501,3599,25.5,59
05/03/2026 15:09,3478,3501,3597,25.6,59
05/03/2026 15:24,3480,3501,3601,25.6,59
05/03/2026 15:39,3483,3501,3599,25.7,58
05/03/2026 15:55,3483,3511,3603,25.7,58
05/03/2026 16:10,3481,3507,3603,25.8,58
05/03/2026 16:25,3483,3507,3605,25.8,58
05/03/2026 16:40,3485,3513,3607,25.8,58
05/03/2026 16:55,3492,3516,3611,25.9,58
05/03/2026 17:10,3484,3510,3609,25.9,58
05/03/2026 17:25,3487,3513,3612,26,58
05/03/2026 17:40,3484,3515,3611,26.1,57
05/03/2026 17:55,3484,3508,3611,26.1,57
05/03/2026 18:10,3481,3495,3612,26.2,57
05/03/2026 18:25,3482,3509,3611,26.2,57
05/03/2026 18:40,3491,3511,3613,26.2,57
05/03/2026 18:55,3484,3503,3607,26.2,57
05/03/2026 19:10,3483,3503,3611,26.3,57
05/03/2026 19:25,3481,3503,3609,26.3,57
05/03/2026 19:40,3484,3509,3607,26.3,56
05/03/2026 19:55,3483,3501,3613,26.3,56
05/03/2026 20:10,3486,3511,3609,26.3,56
05/03/2026 20:25,3486,3509,3612,26.3,56
05/03/2026 20:40,3491,3507,3611,26.4,56
05/03/2026 20:55,3488,3511,3615,26.4,56
05/03/2026 21:10,3485,3503,3612,26.5,56
05/03/2026 21:25,3483,3508,3613,26.6,56
05/03/2026 21:40,3485,3513,3615,26.6,56
05/03/2026 21:55,3484,3501,3611,26.6,56
05/03/2026 22:10,3479,3511,3611,26.6,56
05/03/2026 22:25,3477,3497,3555,26.6,56
05/03/2026 22:40,3475,3487,3613,26.7,56
05/03/2026 22:55,3470,3493,3611,26.7,56
05/03/2026 23:10,3468,3479,3609,26.8,56
05/03/2026 23:25,3475,3479,3609,26.8,56
05/03/2026 23:40,3474,3493,3611,26.9,56
05/03/2026 23:56,3474,3487,3611,26.9,56
06/03/2026 00:11,3469,3467,3611,26.9,56
06/03/2026 00:26,3476,3471,3610,26.9,57
06/03/2026 00:41,3491,3469,3609,26.9,57
06/03/2026 00:56,3471,3470,3611,26.9,57
06/03/2026 01:11,3478,3468,3611,26.9,57
06/03/2026 01:26,3479,3479,3611,27,58
06/03/2026 01:41,3470,3455,3612,27,58
06/03/2026 01:56,3475,3455,3609,27,58
06/03/2026 02:11,3475,3455,3610,27,58
06/03/2026 02:26,3469,3465,3609,27,58
06/03/2026 02:41,3496,3451,3609,27,58
06/03/2026 02:56,3469,3453,3609,27,59
06/03/2026 03:11,3476,3449,3611,27,59
06/03/2026 03:26,3468,3453,3611,27,59
06/03/2026 03:41,3475,3463,3613,27.1,59
06/03/2026 03:56,3470,3447,3609,27.1,59
06/03/2026 04:11,3468,3448,3608,27.1,59
06/03/2026 04:26,3471,3451,3611,27.1,59
06/03/2026 04:41,3475,3455,3612,27.1,59
06/03/2026 04:56,3470,3452,3610,27,59
06/03/2026 05:11,3467,3447,3608,26.9,59
06/03/2026 05:26,3479,3425,3607,26.8,58
06/03/2026 05:41,3471,3445,3606,26.8,58
06/03/2026 05:56,3468,3447,3606,26.8,57
06/03/2026 06:11,3478,3447,3608,26.8,57
06/03/2026 06:26,3468,3447,3607,26.8,57
06/03/2026 06:41,3476,3445,3609,26.8,57
06/03/2026 06:56,3471,3443,3610,26.8,57
06/03/2026 07:11,3479,3447,3609,26.8,57
06/03/2026 07:26,3471,3446,3608,26.8,57
06/03/2026 07:41,3475,3447,3610,26.8,57
06/03/2026 07:56,3477,3437,3607,26.8,57
06/03/2026 08:11,3475,3445,3609,26.8,57
06/03/2026 08:26,3481,3463,3611,26.8,57
06/03/2026 08:41,3475,3443,3608,26.8,57
06/03/2026 08:56,3469,3447,3607,26.8,57
06/03/2026 09:11,3481,3443,3607,26.7,57
06/03/2026 09:26,3476,3444,3607,26.7,57
06/03/2026 09:41,3475,3447,3602,26.7,57
06/03/2026 09:56,3475,3435,3606,26.7,57
06/03/2026 10:11,3472,3447,3605,26.6,57
06/03/2026 10:26,3463,3445,3603,26.6,57
06/03/2026 10:42,3467,3440,3601,26.6,57
06/03/2026 10:57,3471,3445,3596,26.6,57
06/03/2026 11:12,3475,3439,3603,26.6,57
06/03/2026 11:27,3471,3447,3604,26.6,57
06/03/2026 11:42,3473,3435,3599,26.6,57
06/03/2026 11:57,3479,3443,3603,26.6,57
06/03/2026 12:12,3471,3443,3603,26.6,56
06/03/2026 12:27,3479,3443,3602,26.5,56
06/03/2026 12:42,3471,3440,3597,26.5,56
06/03/2026 12:57,3469,3443,3603,26.5,56
06/03/2026 13:12,3468,3445,3606,26.4,56
06/03/2026 13:27,3470,3443,3603,26.4,56
06/03/2026 13:42,3470,3445,3601,26.3,56
06/03/2026 13:57,3471,3447,3607,26.3,55
06/03/2026 14:12,3470,3445,3605,26.2,55
06/03/2026 14:27,3468,3439,3604,26.1,55
06/03/2026 14:42,3471,3497,3605,26.1,54
06/03/2026 14:57,3455,3445,3602,26.1,54
06/03/2026 15:12,3468,3443,3605,26.1,54
06/03/2026 15:27,3470,3429,3603,26.1,54
06/03/2026 15:42,3469,3439,3605,26.2,54
06/03/2026 15:57,3479,3443,3607,26.2,55
06/03/2026 16:12,3469,3439,3605,26.2,55
06/03/2026 16:27,3475,3437,3607,26.3,56
06/03/2026 16:42,3474,3439,3608,26.3,56
06/03/2026 16:57,3479,3449,3607,26.3,56
06/03/2026 17:12,3471,3440,3606,26.2,56
06/03/2026 17:27,3468,3439,3607,26.2,56
06/03/2026 17:42,3476,3438,3609,26.2,57
06/03/2026 17:57,3469,3439,3607,26.2,57
06/03/2026 18:12,3471,3445,3606,26.2,57
06/03/2026 18:27,3475,3423,3612,26.2,57
06/03/2026 18:42,3476,3437,3607,26.1,56
06/03/2026 18:57,3475,3439,3609,26.1,56
06/03/2026 19:12,3475,3439,3609,26.1,55
06/03/2026 19:27,3475,3449,3608,26,55
06/03/2026 19:43,3476,3443,3605,25.9,55
06/03/2026 19:58,3470,3443,3609,26,55
06/03/2026 20:13,3464,3447,3607,25.9,54
06/03/2026 20:28,3467,3445,3607,25.9,54
06/03/2026 20:43,3471,3443,3608,25.9,54
06/03/2026 20:58,3471,3443,3607,25.9,54
06/03/2026 21:13,3470,3445,3607,26,54
06/03/2026 21:28,3475,3448,3605,26,54
06/03/2026 21:43,3470,3443,3605,26,54
06/03/2026 21:58,3471,3443,3608,26,55
06/03/2026 22:13,3478,3439,3607,26,55
06/03/2026 22:28,3470,3447,3608,26,55
06/03/2026 22:43,3468,3445,3606,26,55
06/03/2026 22:58,3468,3445,3607,26,55
06/03/2026 23:13,3492,3343,3603,26,55
06/03/2026 23:28,3486,3365,3620,26,55
06/03/2026 23:43,3494,3359,3622,25.9,55
06/03/2026 23:58,3494,3363,3619,25.9,55
07/03/2026 00:13,3493,3351,3615,25.8,55
07/03/2026 00:28,3494,3351,3621,25.7,55
07/03/2026 00:43,3541,3351,3613,25.7,54
07/03/2026 00:58,3487,3349,3613,25.7,54
07/03/2026 01:13,3488,3348,3612,25.6,55
07/03/2026 01:28,3495,3346,3613,25.6,55
07/03/2026 01:43,3495,3346,3612,25.6,55
07/03/2026 01:58,3487,3339,3609,25.6,55
07/03/2026 02:13,3494,3337,3613,25.6,55
07/03/2026 02:28,3487,3345,3613,25.7,56
07/03/2026 02:43,3496,3324,3612,25.7,56
07/03/2026 02:58,3493,3327,3612,25.7,56
07/03/2026 03:13,3491,3335,3611,25.7,56
07/03/2026 03:28,3492,3336,3613,25.7,57
07/03/2026 03:43,3483,3325,3608,25.6,57
07/03/2026 03:58,3494,3333,3611,25.6,57
07/03/2026 04:13,3491,3325,3609,25.5,57
07/03/2026 04:28,3497,3327,3613,25.5,57
07/03/2026 04:43,3493,3325,3573,25.5,57
07/03/2026 04:59,3499,3327,3611,25.5,57
07/03/2026 05:14,3496,3325,3610,25.5,58
07/03/2026 05:29,3483,3327,3609,25.5,58
07/03/2026 05:44,3492,3335,3611,25.5,58
07/03/2026 05:59,3498,3327,3609,25.4,58
07/03/2026 06:14,3491,3325,3610,25.4,58
07/03/2026 06:29,3492,3333,3609,25.4,58
07/03/2026 06:44,3484,3321,3613,25.4,58
07/03/2026 06:59,3492,3326,3611,25.4,58
07/03/2026 07:14,3491,3337,3611,25.3,58
07/03/2026 07:29,3491,3333,3610,25.3,58
07/03/2026 07:44,3488,3336,3609,25.3,58
07/03/2026 07:59,3492,3327,3607,25.2,58
07/03/2026 08:14,3487,3325,3609,25.2,58
07/03/2026 08:29,3493,3325,3609,25.1,58
07/03/2026 08:44,3491,3335,3612,25.1,58
07/03/2026 08:59,3494,3335,3611,25.1,58
07/03/2026 09:14,3485,3335,3608,25.1,58
07/03/2026 09:29,3490,3327,3608,25.1,58
07/03/2026 09:44,3492,3333,3605,25.1,58
07/03/2026 09:59,3487,3335,3602,25.1,58
07/03/2026 10:14,3491,3327,3605,25,58
07/03/2026 10:29,3494,3325,3605,25,58
07/03/2026 10:44,3492,3327,3605,25,58
07/03/2026 10:59,3494,3328,3603,25,57
07/03/2026 11:14,3495,3335,3605,25,57
07/03/2026 11:29,3487,3337,3608,25,57
07/03/2026 11:44,3494,3325,3608,25,57
07/03/2026 11:59,3485,3333,3605,25,57
07/03/2026 12:14,3495,3325,3595,25,57
07/03/2026 12:29,3495,3335,3596,25,57
07/03/2026 12:44,3486,3335,3601,25,57
07/03/2026 12:59,3493,3309,3601,25,57
07/03/2026 13:14,3495,3327,3601,25,57
07/03/2026 13:29,3497,3335,3603,25,57
07/03/2026 13:44,3484,3323,3602,25.1,57
07/03/2026 13:59,3494,3335,3595,25.1,57
07/03/2026 14:14,3495,3339,3593,25.1,57
07/03/2026 14:29,3486,3348,3599,25.1,57
07/03/2026 14:44,3495,3352,3595,25,57
07/03/2026 14:59,3491,3366,3601,25,56
07/03/2026 15:14,3484,3399,3602,25,56
07/03/2026 15:29,3493,3401,3603,25,56
07/03/2026 15:44,3497,3413,3603,25,55
07/03/2026 15:59,3498,3469,3601,25,55
07/03/2026 16:14,3496,3511,3604,25,55
07/03/2026 16:29,3490,3549,3607,25,55
07/03/2026 16:44,3493,3525,3605,25,56
07/03/2026 16:59,3494,3469,3605,25,56
07/03/2026 17:14,3494,3415,3605,25,56
07/03/2026 17:29,3495,3379,3611,25,56
07/03/2026 17:44,3493,3385,3609,25,56
07/03/2026 17:59,3497,3483,3605,25,56
07/03/2026 18:14,3499,3717,3609,25,56
07/03/2026 18:29,3501,3815,3611,25,56
07/03/2026 18:44,3500,3637,3609,24.9,56
07/03/2026 18:59,3495,3477,3607,24.9,55
07/03/2026 19:14,3494,3455,3609,24.9,55
07/03/2026 19:29,3501,3475,3605,24.9,55
07/03/2026 19:44,3494,3399,3603,24.8,55
07/03/2026 19:59,3507,3369,3607,24.8,55
07/03/2026 20:14,3496,3355,3605,24.8,55
07/03/2026 20:29,3501,3372,3607,24.9,55
07/03/2026 20:44,3503,3375,3604,24.9,55
07/03/2026 20:59,3502,3363,3605,24.9,55
07/03/2026 21:14,3495,3351,3607,24.9,55
07/03/2026 21:29,3516,3347,3608,24.9,55
07/03/2026 21:44,3499,3379,3607,24.9,55
07/03/2026 21:59,3500,3386,3607,24.9,55
07/03/2026 22:14,3488,3359,3603,24.9,55
07/03/2026 22:29,3500,3339,3605,24.9,55
07/03/2026 22:44,3503,3335,3608,24.9,55
07/03/2026 22:59,3501,3337,3606,25,55
07/03/2026 23:14,3503,3337,3603,25,55
07/03/2026 23:29,3498,3340,3603,25,55
07/03/2026 23:44,3500,3339,3605,24.9,55
07/03/2026 23:59,3497,3336,3603,24.9,55
08/03/2026 00:14,3497,3337,3605,24.9,55
08/03/2026 00:29,3501,3341,3608,24.9,55
08/03/2026 00:44,3497,3325,3608,24.9,55
08/03/2026 00:59,3508,3336,3607,24.9,56
08/03/2026 01:14,3526,3327,3611,24.9,56
08/03/2026 01:29,3547,3335,3609,24.9,56
08/03/2026 01:44,3559,3341,3621,24.9,56
08/03/2026 01:59,3551,3339,3625,24.9,56
08/03/2026 02:14,3548,3345,3655,25,57
08/03/2026 02:29,3533,3359,3693,25,57
08/03/2026 02:45,3557,3341,3729,25,57
08/03/2026 03:00,3558,3337,3735,25,57
08/03/2026 03:15,3559,3336,3763,25,57
08/03/2026 03:30,3557,3328,3817,25,57
08/03/2026 03:45,3553,3339,3855,25.1,58
08/03/2026 04:00,3543,3347,3875,25.1,58
08/03/2026 04:15,3557,3339,3837,25.1,58
08/03/2026 04:30,3557,3348,3765,25.1,58
08/03/2026 04:45,3557,4095,3707,25.1,58
08/03/2026 05:00,3571,4095,3535,25.1,58
08/03/2026 05:15,3576,4095,3997,25,58
08/03/2026 05:30,3591,4095,3751,25,58
08/03/2026 05:45,3589,4095,3925,25.1,58
08/03/2026 06:00,3576,4095,3923,25.1,57
08/03/2026 06:15,3588,4095,3863,25.1,57
08/03/2026 06:30,3525,4095,3785,25.1,57
08/03/2026 06:45,3511,4095,3819,25.1,58
08/03/2026 07:00,3501,4095,3813,25,58
08/03/2026 07:15,3500,4095,3800,25,58
08/03/2026 07:30,3514,4095,3819,25,58
08/03/2026 07:45,3532,4095,3839,24.9,59
08/03/2026 08:00,3566,4095,3871,24.9,59
08/03/2026 08:15,3590,4095,3963,24.9,59
08/03/2026 08:30,3567,4095,3883,24.9,59
08/03/2026 08:45,3572,4095,3949,24.9,59
08/03/2026 09:00,3571,4095,3755,24.9,59
08/03/2026 09:15,3543,4095,3752,24.9,59
08/03/2026 09:30,3529,4095,3747,24.9,59
08/03/2026 09:45,3502,4095,3741,24.9,59
08/03/2026 10:00,3508,4095,3741,24.9,59
08/03/2026 10:15,3509,4095,3743,24.9,59
08/03/2026 10:30,3502,4095,3740,24.9,59
08/03/2026 10:45,3500,4095,3747,24.9,59
08/03/2026 11:00,3509,4095,3756,24.9,59
08/03/2026 11:15,3515,4095,3784,24.9,59
08/03/2026 11:30,3503,4095,3803,24.9,59
08/03/2026 11:45,3502,4095,3805,24.9,59
08/03/2026 12:00,3504,4095,3815,25,59
08/03/2026 12:15,3497,4095,3832,25,59
08/03/2026 12:30,3497,4095,3865,25,59
08/03/2026 12:45,3511,4095,3911,25,59
08/03/2026 13:00,3502,4095,3939,25,59
08/03/2026 13:28,3502,4095,3928,25.2,59
08/03/2026 13:43,3501,4095,3939,25.2,59
08/03/2026 13:58,3499,4095,3951,25.1,59
08/03/2026 14:13,2196,2432,2281,25.1,59
08/03/2026 14:31,3603,3981,3903,25.2,57
08/03/2026 14:46,3599,4095,3887,25.2,57
08/03/2026 15:01,3589,4095,3872,25.2,57
08/03/2026 15:16,3539,3902,3928,25.1,57
08/03/2026 15:31,3530,4095,3960,25.1,57
08/03/2026 15:46,3519,4095,3963,25.2,57
08/03/2026 16:01,3513,4095,3951,25.1,57
08/03/2026 16:16,3476,4095,3944,25,56
08/03/2026 16:31,3449,4095,3942,25,56
08/03/2026 16:46,3454,4095,3935,24.9,55
08/03/2026 17:01,3463,4095,3923,24.8,55
08/03/2026 17:16,3497,4095,3923,24.8,55
08/03/2026 17:31,3539,4095,3929,24.8,55
08/03/2026 17:46,3566,4095,3915,24.8,55
08/03/2026 18:01,3577,4095,3646,24.8,55
08/03/2026 18:16,3575,3913,3453,24.8,56
08/03/2026 18:31,3590,3867,3533,24.8,56
08/03/2026 18:46,3599,3725,3755,24.7,56
08/03/2026 19:01,3604,3629,3915,24.7,56
08/03/2026 19:16,3603,4095,3931,24.7,56
08/03/2026 19:31,3607,4095,3932,24.7,56
08/03/2026 19:46,3608,4095,3932,24.6,56
08/03/2026 20:01,3613,4095,3933,24.6,57
08/03/2026 20:16,3606,4095,3932,24.6,57
08/03/2026 20:31,3609,4095,3934,24.6,57
08/03/2026 20:46,3589,4095,3935,24.6,57
08/03/2026 21:01,3566,4095,3935,24.6,57
08/03/2026 21:16,3579,4095,3935,24.6,57
08/03/2026 21:31,3603,4095,3903,24.6,57
08/03/2026 21:46,3606,4095,3931,24.6,57
08/03/2026 22:01,3622,4095,3939,24.6,57
08/03/2026 22:16,3628,4095,3945,24.6,57
08/03/2026 22:31,3615,4095,3943,24.6,56
08/03/2026 22:46,3601,4095,3939,24.6,56
08/03/2026 23:01,3601,4095,3938,24.7,56
08/03/2026 23:16,3607,4095,3927,24.7,56
08/03/2026 23:31,3606,4095,3925,24.8,56
08/03/2026 23:46,3621,4095,3921,24.8,57
09/03/2026 00:01,3614,4095,3921,24.8,57
09/03/2026 00:16,3622,4095,3928,24.8,57
09/03/2026 00:31,3619,4095,3923,24.8,57
09/03/2026 00:46,3621,4095,3903,24.8,57
09/03/2026 01:01,3623,4095,3868,24.8,57
09/03/2026 01:16,3613,4095,3902,24.8,57
09/03/2026 01:31,3631,4095,3817,24.8,57
09/03/2026 01:46,3644,4095,3529,24.9,58
09/03/2026 02:01,3629,4095,3592,24.9,58
09/03/2026 02:16,3630,4095,3891,24.9,58
09/03/2026 02:31,3627,3727,3895,24.9,58
09/03/2026 02:46,3637,3871,3892,24.9,58
09/03/2026 03:01,3625,3951,3901,24.9,58
09/03/2026 03:16,3628,3673,3913,24.9,58
09/03/2026 03:31,3643,3855,3913,25,59
09/03/2026 03:46,3635,3869,3927,25,59
09/03/2026 04:01,3639,3769,3941,25,59
09/03/2026 04:16,3632,4089,3887,25,59
09/03/2026 04:31,3625,3305,3757,25,59
09/03/2026 04:46,3628,3373,3691,25,59
09/03/2026 05:01,3641,3493,3747,24.9,59
09/03/2026 05:16,3639,3340,3903,24.9,59
09/03/2026 05:31,3638,3245,3932,24.9,58
09/03/2026 05:46,3637,3245,3815,24.8,58
09/03/2026 06:01,3641,3364,3923,24.8,58
09/03/2026 06:16,3631,3611,3929,24.9,58
09/03/2026 06:31,3635,3699,3893,24.9,58
09/03/2026 06:46,3639,3688,3961,24.9,58
09/03/2026 07:01,3636,3877,3963,24.9,58
09/03/2026 07:16,3625,4095,3961,24.9,58
09/03/2026 07:31,3623,4095,3967,24.8,58
09/03/2026 07:46,3626,4095,3968,24.8,58
09/03/2026 08:01,3624,4095,3965,24.8,58
09/03/2026 08:16,3627,3819,3959,24.8,58
09/03/2026 08:31,3621,3644,3931,24.8,58
09/03/2026 08:46,3616,3631,3921,24.8,58
09/03/2026 09:01,3611,3899,3941,24.8,58
09/03/2026 09:16,3611,3909,3955,24.8,58
09/03/2026 09:31,3616,4095,3945,24.8,58
09/03/2026 09:46,3590,4095,3948,24.8,59
09/03/2026 10:02,3619,4095,3921,24.8,59
09/03/2026 10:17,3625,4095,3887,24.7,59
09/03/2026 10:32,3630,4095,3869,24.7,59
09/03/2026 10:47,3629,4095,3891,24.8,59
09/03/2026 11:02,3628,4095,3929,24.8,59
09/03/2026 11:17,3627,4095,3919,24.8,59
09/03/2026 11:32,3635,4095,3935,24.8,59
09/03/2026 11:47,3627,4095,3935,24.8,59
09/03/2026 12:02,3555,4095,3769,24.8,59
09/03/2026 12:17,3560,4095,3629,24.8,59
09/03/2026 12:32,3575,4095,3573,24.8,59
09/03/2026 12:47,3613,4095,3567,24.8,59
09/03/2026 13:02,3640,4095,3555,24.8,59
09/03/2026 13:17,3637,4095,3532,24.8,58
09/03/2026 13:32,3631,4095,3628,24.8,58
09/03/2026 13:47,3623,4095,3755,24.8,58
09/03/2026 14:02,3623,4095,3859,24.7,58
09/03/2026 14:17,3623,4095,3887,24.7,58
09/03/2026 14:32,3615,4095,3929,24.7,58
09/03/2026 14:47,3631,4095,3943,24.7,58
09/03/2026 15:02,3628,4095,3927,24.7,58
09/03/2026 15:17,3628,4095,3787,24.7,58
09/03/2026 15:32,3627,4095,3743,24.7,58
09/03/2026 15:47,3627,4089,3723,24.7,58
09/03/2026 16:02,3593,3883,3639,24.6,58
09/03/2026 16:17,3591,3567,3639,24.6,58
09/03/2026 16:32,3580,3643,3631,24.6,58
09/03/2026 16:47,3597,4095,3631,24.6,58
09/03/2026 17:02,3599,4095,3729,24.6,58
09/03/2026 17:17,3604,4095,3655,24.6,57
09/03/2026 17:32,3560,4095,3647,24.6,57
09/03/2026 17:47,3507,4095,3564,24.6,57
09/03/2026 18:02,3534,4095,3723,24.6,57
09/03/2026 18:17,3558,4095,3751,24.7,57
09/03/2026 18:32,3612,4095,3681,24.7,57
09/03/2026 18:47,3608,4095,3611,24.7,57
09/03/2026 19:02,3529,4095,3555,24.7,57
09/03/2026 19:17,3565,4095,3545,24.7,57
09/03/2026 19:32,3501,4095,3609,24.7,56
09/03/2026 19:47,3499,4095,3959,24.7,56
09/03/2026 20:02,3496,4095,3944,24.7,56
09/03/2026 20:17,3495,4095,3897,24.7,56
09/03/2026 20:32,3503,4095,3639,24.7,56
09/03/2026 20:47,3498,4095,3615,24.7,56
09/03/2026 21:02,3508,4095,3611,24.7,56
09/03/2026 21:17,3496,4095,3673,24.7,56
09/03/2026 21:32,3507,4095,4007,24.7,56
09/03/2026 21:47,3535,4095,3985,24.7,56
09/03/2026 22:02,3503,4095,4025,24.8,56
09/03/2026 22:17,3500,4095,3861,24.8,56
09/03/2026 22:32,3504,4095,3723,24.8,56
09/03/2026 22:48,3534,4095,3697,24.9,56
09/03/2026 23:03,3545,4095,3721,24.9,56
09/03/2026 23:18,3543,4095,3935,25,56
09/03/2026 23:33,3594,4095,3955,25,57
09/03/2026 23:48,3601,4095,3999,25,57
10/03/2026 00:03,3603,4095,4026,25,57
10/03/2026 00:18,3644,4095,3657,25.1,57
10/03/2026 00:33,3643,4095,3767,25.1,57
10/03/2026 00:48,3652,4095,3821,25.2,58
10/03/2026 01:03,3655,4095,3769,25.2,58
10/03/2026 01:18,3653,4095,3641,25.3,58
10/03/2026 01:33,3652,4095,3591,25.3,58
10/03/2026 01:48,3644,4085,3423,25.3,59
10/03/2026 02:03,3640,4023,3054,25.2,59
10/03/2026 02:18,3644,4095,3273,25.2,60
10/03/2026 02:33,3644,4095,3127,25.2,60
10/03/2026 02:48,3638,4095,3161,25.2,60
10/03/2026 03:03,3640,4095,2937,25.2,61
10/03/2026 03:18,3652,4095,2873,25.2,61
10/03/2026 03:33,3645,4095,2876,25.2,61
10/03/2026 03:48,3646,4095,2953,25.2,61
10/03/2026 04:03,3647,4095,3135,25.2,61
10/03/2026 04:18,3639,4095,3064,25.2,61
10/03/2026 04:33,3647,4095,2941,25.2,61
10/03/2026 04:48,3655,4095,2885,25.1,61
10/03/2026 05:03,3653,4095,2937,25.1,61
10/03/2026 05:18,3641,4095,2965,25.1,61
10/03/2026 05:33,3621,4095,2969,25.1,61
10/03/2026 05:48,3614,4095,2941,25.1,61
10/03/2026 06:03,3627,4095,2920,25.1,61
10/03/2026 06:18,3626,4095,2899,25.1,61
10/03/2026 06:33,3621,4095,2877,25.1,61
10/03/2026 06:48,3608,4095,2877,25.1,61
10/03/2026 07:03,3602,4095,2877,25.1,61
10/03/2026 07:18,3604,4095,2897,25.1,61
10/03/2026 07:33,3607,4095,2931,25.1,62
10/03/2026 07:48,3615,4095,2983,25.1,62
10/03/2026 08:03,3623,4095,3509,25.1,62
10/03/2026 08:18,3628,4095,3879,25.1,62
10/03/2026 08:33,3630,4095,3877,25.1,62
10/03/2026 08:48,3640,4095,3815,25.1,62
10/03/2026 09:03,3631,4095,3003,25.1,62
10/03/2026 09:18,3629,4095,2981,25.1,62
10/03/2026 09:33,3639,4095,2965,25.1,62
10/03/2026 09:48,3627,4095,2969,25.1,62
10/03/2026 10:03,3623,4095,3093,25.1,62
10/03/2026 10:18,3610,4095,3108,25.1,62
10/03/2026 10:33,3607,4095,3055,25.1,62
10/03/2026 10:48,3611,4095,3115,25.1,62
10/03/2026 11:03,3628,4095,3181,25,62
10/03/2026 11:18,3619,4095,3241,25,62
10/03/2026 11:33,3615,4095,3282,25,61
10/03/2026 11:48,3612,4095,3311,25.1,61
10/03/2026 12:03,3613,4095,3366,25.1,61
10/03/2026 12:18,3613,4095,3414,25.1,61
10/03/2026 12:33,3606,4095,3431,25.1,61
10/03/2026 12:48,3602,4095,3449,25.2,61
10/03/2026 13:03,3598,4095,3453,25.2,61
10/03/2026 13:18,3588,4095,3485,25.2,61
10/03/2026 13:33,3590,4095,3531,25.2,61
10/03/2026 13:48,3592,4095,3513,25.3,61
10/03/2026 14:03,3596,4095,3501,25.3,61
10/03/2026 14:18,3596,4095,3685,25.3,61
10/03/2026 14:33,3604,4095,3771,25.3,61
10/03/2026 14:49,3596,4095,3863,25.3,61
10/03/2026 15:04,3605,4095,3445,25.3,61
10/03/2026 15:19,3607,4095,3451,25.4,61
10/03/2026 15:34,3597,4095,3861,25.4,61
10/03/2026 15:49,3595,4095,3519,25.4,61
10/03/2026 16:04,3572,4095,3815,25.4,61
10/03/2026 16:19,3577,4095,3703,25.4,61
10/03/2026 16:34,3591,4095,3789,25.5,61
10/03/2026 16:49,3591,4095,3890,25.5,61
10/03/2026 17:04,3603,4095,3892,25.5,61
10/03/2026 17:19,3605,4095,3885,25.5,61
10/03/2026 17:34,3595,4095,3883,25.5,61
10/03/2026 17:49,3599,4095,3915,25.5,61
10/03/2026 18:04,3593,4095,3951,25.5,60
10/03/2026 18:19,3601,4095,3957,25.5,60
10/03/2026 18:34,3599,4095,3951,25.4,60
10/03/2026 18:49,3577,4095,3945,25.4,60
10/03/2026 19:04,3568,4095,3995,25.4,60
10/03/2026 19:19,3573,4095,4041,25.4,59
10/03/2026 19:34,3564,4095,4053,25.4,59
10/03/2026 19:49,3564,4095,4055,25.4,59
10/03/2026 20:04,3576,4095,4059,25.5,59
10/03/2026 20:19,3596,4095,4063,25.5,60
10/03/2026 20:34,3560,4095,4063,25.4,60
10/03/2026 20:49,3508,4095,4027,25.4,60
10/03/2026 21:04,3504,4095,3866,25.4,60
10/03/2026 21:19,3511,4095,3247,25.4,59
10/03/2026 21:49,3499,4095,3083,25.4,59
10/03/2026 22:04,3500,4095,3091,25.4,59
10/03/2026 22:19,3504,4095,3055,25.4,59
10/03/2026 22:34,3528,4095,3045,25.4,60